01/02/2018;0;6;399;4
01/02/2018;1;3;203;4
01/02/2018;2;2;157;4
01/02/2018;3;2;138;4
01/02/2018;4;4;252;4
01/02/2018;5;9;592;4
01/02/2018;6;21;1274;4
01/02/2018;7;36;2170;4
01/02/2018;8;42;2572;4
01/02/2018;9;47;2822;4
01/02/2018;10;48;2903;4
01/02/2018;11;50;3020;4
01/02/2018;12;46;2766;4
01/02/2018;13;49;2943;4
01/02/2018;14;65;3937;4
01/02/2018;15;71;4275;4
01/02/2018;16;80;4815;4
01/02/2018;17;86;5180;4
01/02/2018;18;86;5216;4
01/02/2018;19;77;4637;4
01/02/2018;20;63;3819;4
01/02/2018;21;53;3217;4
01/02/2018;22;45;2736;4
01/02/2018;23;35;2149;4
02/02/2018;0;21;1276;5
02/02/2018;1;11;666;5
02/02/2018;2;6;373;5
02/02/2018;3;5;320;5
02/02/2018;4;11;696;5
02/02/2018;5;27;1620;5
02/02/2018;6;47;2858;5
02/02/2018;7;60;3639;5
02/02/2018;8;62;3753;5
02/02/2018;9;61;3717;5
02/02/2018;10;65;3930;5
02/02/2018;11;64;3886;5
02/02/2018;12;48;2939;5
02/02/2018;13;43;2585;5
02/02/2018;14;48;2890;5
02/02/2018;15;46;2819;5
02/02/2018;16;43;2595;5
02/02/2018;17;42;2563;5
02/02/2018;18;40;2410;5
02/02/2018;19;38;2286;5
02/02/2018;20;33;2037;5
02/02/2018;21;24;1494;5
02/02/2018;22;18;1097;5
02/02/2018;23;13;817;5
03/02/2018;0;8;502;6
03/02/2018;1;5;323;6
03/02/2018;2;3;188;6
03/02/2018;3;3;198;6
03/02/2018;4;4;272;6
03/02/2018;5;10;631;6
03/02/2018;6;20;1205;6
03/02/2018;7;30;1826;6
03/02/2018;8;36;2195;6
03/02/2018;9;41;2503;6
03/02/2018;10;39;2387;6
03/02/2018;11;34;2087;6
03/02/2018;12;27;1652;6
03/02/2018;13;26;1581;6
03/02/2018;14;29;1756;6
03/02/2018;15;26;1595;6
03/02/2018;16;22;1367;6
03/02/2018;17;21;1298;6
03/02/2018;18;19;1152;6
03/02/2018;19;18;1115;6
03/02/2018;20;15;923;6
03/02/2018;21;12;744;6
03/02/2018;22;9;553;6
03/02/2018;23;8;533;6
04/02/2018;0;7;421;7
04/02/2018;1;3;221;7
04/02/2018;2;2;166;7
04/02/2018;3;2;149;7
04/02/2018;4;3;194;7
04/02/2018;5;4;282;7
04/02/2018;6;9;560;7
04/02/2018;7;16;975;7
04/02/2018;8;21;1262;7
04/02/2018;9;22;1379;7
04/02/2018;10;21;1311;7
04/02/2018;11;21;1294;7
04/02/2018;12;19;1167;7
04/02/2018;13;16;973;7
04/02/2018;14;15;918;7
04/02/2018;15;15;907;7
04/02/2018;16;15;954;7
04/02/2018;17;14;896;7
04/02/2018;18;15;957;7
04/02/2018;19;15;906;7
04/02/2018;20;12;776;7
04/02/2018;21;9;597;7
04/02/2018;22;7;432;7
04/02/2018;23;6;360;7
05/02/2018;0;3;225;1
05/02/2018;1;2;140;1
05/02/2018;2;1;110;1
05/02/2018;3;1;114;1
05/02/2018;4;2;169;1
05/02/2018;5;7;429;1
05/02/2018;6;14;871;1
05/02/2018;7;27;1630;1
05/02/2018;8;28;1715;1
05/02/2018;9;28;1710;1
05/02/2018;10;27;1633;1
05/02/2018;11;27;1651;1
05/02/2018;12;23;1398;1
05/02/2018;13;22;1378;1
05/02/2018;14;25;1536;1
05/02/2018;15;27;1677;1
05/02/2018;16;27;1661;1
05/02/2018;17;33;2009;1
05/02/2018;18;40;2401;1
05/02/2018;19;27;1666;1
05/02/2018;20;15;935;1
05/02/2018;21;11;703;1
05/02/2018;22;8;535;1
05/02/2018;23;6;398;1
06/02/2018;0;4;267;2
06/02/2018;1;2;132;2
06/02/2018;2;1;102;2
06/02/2018;3;1;99;2
06/02/2018;4;2;139;2
06/02/2018;5;6;361;2
06/02/2018;6;13;804;2
06/02/2018;7;25;1509;2
06/02/2018;8;27;1657;2
06/02/2018;9;27;1648;2
06/02/2018;10;26;1582;2
06/02/2018;11;24;1489;2
06/02/2018;12;21;1310;2
06/02/2018;13;22;1377;2
06/02/2018;14;26;1567;2
06/02/2018;15;26;1598;2
06/02/2018;16;30;1804;2
06/02/2018;17;36;2184;2
06/02/2018;18;42;2570;2
06/02/2018;19;32;1977;2
06/02/2018;20;20;1203;2
06/02/2018;21;13;786;2
06/02/2018;22;10;601;2
06/02/2018;23;8;506;2
08/02/2018;0;8;537;4
08/02/2018;1;3;237;4
08/02/2018;2;2;167;4
08/02/2018;3;1;118;4
08/02/2018;4;3;207;4
08/02/2018;5;8;523;4
08/02/2018;6;17;1023;4
08/02/2018;7;31;1871;4
08/02/2018;8;35;2136;4
08/02/2018;9;38;2329;4
08/02/2018;10;39;2366;4
08/02/2018;11;36;2180;4
08/02/2018;12;32;1942;4
08/02/2018;13;31;1903;4
08/02/2018;14;42;2525;4
08/02/2018;15;47;2841;4
08/02/2018;16;49;2999;4
08/02/2018;17;56;3419;4
08/02/2018;18;61;3699;4
08/02/2018;19;52;3121;4
08/02/2018;20;41;2487;4
08/02/2018;21;30;1833;4
08/02/2018;22;23;1428;4
08/02/2018;23;18;1121;4
09/02/2018;0;12;749;5
09/02/2018;1;8;487;5
09/02/2018;2;5;328;5
09/02/2018;3;5;356;5
09/02/2018;4;9;596;5
09/02/2018;5;20;1219;5
09/02/2018;6;35;2111;5
09/02/2018;7;47;2874;5
09/02/2018;8;52;3169;5
09/02/2018;9;57;3422;5
09/02/2018;10;60;3623;5
09/02/2018;11;60;3647;5
09/02/2018;12;60;3624;5
09/02/2018;13;73;4429;5
09/02/2018;14;90;5400;5
09/02/2018;15;90;5403;5
09/02/2018;16;73;4430;5
09/02/2018;17;86;5205;5
09/02/2018;18;76;4576;5
09/02/2018;19;69;4174;5
09/02/2018;20;67;4079;5
09/02/2018;21;51;3100;5
09/02/2018;22;45;2712;5
09/02/2018;23;49;2973;5
10/02/2018;0;39;2392;6
10/02/2018;1;30;1831;6
10/02/2018;2;25;1521;6
10/02/2018;3;26;1587;6
10/02/2018;4;48;2905;6
10/02/2018;5;73;4400;6
10/02/2018;6;80;4841;6
10/02/2018;7;67;4053;6
10/02/2018;8;55;3343;6
10/02/2018;9;53;3220;6
10/02/2018;10;56;3398;6
10/02/2018;11;57;3424;6
10/02/2018;12;54;3241;6
10/02/2018;13;55;3341;6
10/02/2018;14;62;3778;6
10/02/2018;15;60;3611;6
10/02/2018;16;54;3292;6
10/02/2018;17;49;2953;6
10/02/2018;18;46;2813;6
10/02/2018;19;43;2636;6
10/02/2018;20;35;2127;6
10/02/2018;21;27;1641;6
10/02/2018;22;17;1060;6
10/02/2018;23;14;844;6
11/02/2018;0;10;647;7
11/02/2018;1;7;450;7
11/02/2018;2;5;324;7
11/02/2018;3;3;234;7
11/02/2018;4;4;290;7
11/02/2018;5;8;508;7
11/02/2018;6;17;1031;7
11/02/2018;7;25;1533;7
11/02/2018;8;30;1830;7
11/02/2018;9;34;2068;7
11/02/2018;10;36;2177;7
11/02/2018;11;33;1982;7
11/02/2018;12;22;1320;7
11/02/2018;13;19;1166;7
11/02/2018;14;19;1194;7
11/02/2018;15;21;1288;7
11/02/2018;16;20;1258;7
11/02/2018;17;20;1246;7
11/02/2018;18;18;1126;7
11/02/2018;19;17;1051;7
11/02/2018;20;15;908;7
11/02/2018;21;10;651;7
11/02/2018;22;10;641;7
11/02/2018;23;8;480;7
12/02/2018;0;5;341;1
12/02/2018;1;4;283;1
12/02/2018;2;1;119;1
12/02/2018;3;2;125;1
12/02/2018;4;2;157;1
12/02/2018;5;5;315;1
12/02/2018;6;10;641;1
12/02/2018;7;15;904;1
12/02/2018;8;16;1009;1
12/02/2018;9;20;1205;1
12/02/2018;10;20;1246;1
12/02/2018;11;21;1268;1
12/02/2018;12;17;1079;1
12/02/2018;13;15;912;1
12/02/2018;14;19;1174;1
12/02/2018;15;20;1250;1
12/02/2018;16;20;1222;1
12/02/2018;17;19;1145;1
12/02/2018;18;20;1246;1
12/02/2018;19;18;1086;1
12/02/2018;20;15;904;1
12/02/2018;21;12;743;1
12/02/2018;22;10;647;1
12/02/2018;23;8;534;1
13/02/2018;0;6;382;2
13/02/2018;1;5;334;2
13/02/2018;2;1;113;2
13/02/2018;3;1;88;2
13/02/2018;4;2;123;2
13/02/2018;5;3;222;2
13/02/2018;6;7;478;2
13/02/2018;7;12;768;2
13/02/2018;8;14;860;2
13/02/2018;9;18;1103;2
13/02/2018;10;19;1197;2
13/02/2018;11;18;1125;2
13/02/2018;12;16;992;2
13/02/2018;13;15;952;2
13/02/2018;14;16;982;2
13/02/2018;15;18;1093;2
13/02/2018;16;16;984;2
13/02/2018;17;16;988;2
13/02/2018;18;15;944;2
13/02/2018;19;13;838;2
13/02/2018;20;13;795;2
13/02/2018;21;10;619;2
13/02/2018;22;9;574;2
13/02/2018;23;8;498;2
14/02/2018;0;7;421;3
14/02/2018;1;5;310;3
14/02/2018;2;3;190;3
14/02/2018;3;2;155;3
14/02/2018;4;4;269;3
14/02/2018;5;8;503;3
14/02/2018;6;17;1029;3
14/02/2018;7;26;1601;3
14/02/2018;8;26;1600;3
14/02/2018;9;27;1647;3
14/02/2018;10;27;1648;3
14/02/2018;11;25;1540;3
14/02/2018;12;22;1333;3
14/02/2018;13;21;1280;3
14/02/2018;14;25;1506;3
14/02/2018;15;26;1594;3
14/02/2018;16;26;1616;3
14/02/2018;17;34;2083;3
14/02/2018;18;37;2234;3
14/02/2018;19;25;1526;3
14/02/2018;20;17;1050;3
14/02/2018;21;12;738;3
14/02/2018;22;7;441;3
14/02/2018;23;5;357;3
15/02/2018;0;4;267;4
15/02/2018;1;3;192;4
15/02/2018;2;1;111;4
15/02/2018;3;2;147;4
15/02/2018;4;2;169;4
15/02/2018;5;7;468;4
15/02/2018;6;16;993;4
15/02/2018;7;30;1803;4
15/02/2018;8;30;1854;4
15/02/2018;9;30;1821;4
15/02/2018;10;32;1950;4
15/02/2018;11;31;1877;4
15/02/2018;12;26;1617;4
15/02/2018;13;25;1546;4
15/02/2018;14;31;1912;4
15/02/2018;15;33;1991;4
15/02/2018;16;34;2059;4
15/02/2018;17;43;2600;4
15/02/2018;18;48;2880;4
15/02/2018;19;32;1978;4
15/02/2018;20;21;1311;4
15/02/2018;21;14;896;4
15/02/2018;22;11;676;4
15/02/2018;23;7;468;4
16/02/2018;0;5;321;5
16/02/2018;1;3;183;5
16/02/2018;2;2;131;5
16/02/2018;3;2;132;5
16/02/2018;4;3;191;5
16/02/2018;5;8;494;5
16/02/2018;6;18;1130;5
16/02/2018;7;34;2067;5
16/02/2018;8;35;2106;5
16/02/2018;9;35;2129;5
16/02/2018;10;36;2211;5
16/02/2018;11;35;2114;5
16/02/2018;12;33;2004;5
16/02/2018;13;36;2209;5
16/02/2018;14;45;2740;5
16/02/2018;15;54;3243;5
16/02/2018;16;61;3705;5
16/02/2018;17;69;4191;5
16/02/2018;18;68;4095;5
16/02/2018;19;66;3993;5
16/02/2018;20;56;3375;5
16/02/2018;21;40;2438;5
16/02/2018;22;28;1680;5
16/02/2018;23;18;1094;5
17/02/2018;0;9;595;6
17/02/2018;1;5;328;6
17/02/2018;2;3;232;6
17/02/2018;3;3;204;6
17/02/2018;4;4;263;6
17/02/2018;5;10;649;6
17/02/2018;6;23;1420;6
17/02/2018;7;35;2148;6
17/02/2018;8;42;2520;6
17/02/2018;9;45;2759;6
17/02/2018;10;47;2866;6
17/02/2018;11;41;2478;6
17/02/2018;12;35;2139;6
17/02/2018;13;32;1949;6
17/02/2018;14;32;1948;6
17/02/2018;15;31;1878;6
17/02/2018;16;28;1700;6
17/02/2018;17;26;1580;6
17/02/2018;18;24;1449;6
17/02/2018;19;23;1430;6
17/02/2018;20;21;1280;6
17/02/2018;21;17;1035;6
17/02/2018;22;9;594;6
17/02/2018;23;13;829;6
18/02/2018;0;3;206;7
18/02/2018;1;2;149;7
18/02/2018;2;2;126;7
18/02/2018;3;2;126;7
18/02/2018;4;3;188;7
18/02/2018;5;5;314;7
18/02/2018;6;12;754;7
18/02/2018;7;22;1356;7
18/02/2018;8;27;1620;7
18/02/2018;9;26;1599;7
18/02/2018;10;24;1459;7
18/02/2018;11;22;1337;7
18/02/2018;12;19;1141;7
18/02/2018;13;14;845;7
18/02/2018;14;17;1068;7
18/02/2018;15;19;1151;7
18/02/2018;16;20;1251;7
18/02/2018;17;19;1172;7
18/02/2018;18;18;1111;7
18/02/2018;19;18;1080;7
18/02/2018;20;15;953;7
18/02/2018;21;12;778;7
18/02/2018;22;10;610;7
18/02/2018;23;7;453;7
19/02/2018;0;5;334;1
19/02/2018;1;2;150;1
19/02/2018;2;1;98;1
19/02/2018;3;1;84;1
19/02/2018;4;2;163;1
19/02/2018;5;6;370;1
19/02/2018;6;17;1035;1
19/02/2018;7;31;1861;1
19/02/2018;8;31;1885;1
19/02/2018;9;30;1821;1
19/02/2018;10;27;1646;1
19/02/2018;11;26;1566;1
19/02/2018;12;23;1429;1
19/02/2018;13;23;1401;1
19/02/2018;14;27;1639;1
19/02/2018;15;27;1624;1
19/02/2018;16;26;1564;1
19/02/2018;17;31;1895;1
19/02/2018;18;33;2005;1
19/02/2018;19;28;1708;1
19/02/2018;20;13;790;1
19/02/2018;21;9;580;1
19/02/2018;22;8;500;1
19/02/2018;23;5;334;1
20/02/2018;0;3;215;2
20/02/2018;1;1;116;2
20/02/2018;2;1;95;2
20/02/2018;3;1;80;2
20/02/2018;4;1;106;2
20/02/2018;5;4;277;2
20/02/2018;6;12;772;2
20/02/2018;7;24;1485;2
20/02/2018;8;24;1490;2
20/02/2018;9;21;1284;2
20/02/2018;10;23;1412;2
20/02/2018;11;21;1267;2
20/02/2018;12;20;1215;2
20/02/2018;13;19;1150;2
20/02/2018;14;20;1233;2
20/02/2018;15;23;1439;2
20/02/2018;16;26;1570;2
20/02/2018;17;33;2011;2
20/02/2018;18;34;2057;2
20/02/2018;19;28;1736;2
20/02/2018;20;13;839;2
20/02/2018;21;9;572;2
20/02/2018;22;8;494;2
20/02/2018;23;5;358;2
21/02/2018;0;3;199;3
21/02/2018;1;1;99;3
21/02/2018;2;1;81;3
21/02/2018;3;1;84;3
21/02/2018;4;1;113;3
21/02/2018;5;4;281;3
21/02/2018;6;13;782;3
21/02/2018;7;24;1477;3
21/02/2018;8;25;1512;3
21/02/2018;9;23;1423;3
21/02/2018;10;21;1289;3
21/02/2018;11;21;1279;3
21/02/2018;12;18;1135;3
21/02/2018;13;19;1163;3
21/02/2018;14;21;1308;3
21/02/2018;15;24;1475;3
21/02/2018;16;27;1658;3
21/02/2018;17;33;2002;3
21/02/2018;18;36;2215;3
21/02/2018;19;23;1425;3
21/02/2018;20;14;844;3
21/02/2018;21;10;644;3
21/02/2018;22;9;547;3
21/02/2018;23;5;317;3
22/02/2018;0;3;237;4
22/02/2018;1;9;557;4
22/02/2018;2;6;412;4
22/02/2018;3;2;149;4
22/02/2018;4;1;112;4
22/02/2018;5;5;317;4
22/02/2018;6;12;765;4
22/02/2018;7;25;1520;4
22/02/2018;8;29;1787;4
22/02/2018;9;27;1660;4
22/02/2018;10;27;1633;4
22/02/2018;11;24;1459;4
22/02/2018;12;20;1216;4
22/02/2018;13;21;1281;4
22/02/2018;14;25;1524;4
22/02/2018;15;28;1707;4
22/02/2018;16;32;1948;4
22/02/2018;17;38;2301;4
22/02/2018;18;41;2491;4
22/02/2018;19;33;1982;4
22/02/2018;20;20;1223;4
22/02/2018;21;12;755;4
22/02/2018;22;11;680;4
22/02/2018;23;7;479;4
23/02/2018;0;5;313;5
23/02/2018;1;2;142;5
23/02/2018;2;1;109;5
23/02/2018;3;1;95;5
23/02/2018;4;2;168;5
23/02/2018;5;6;371;5
23/02/2018;6;16;987;5
23/02/2018;7;27;1643;5
23/02/2018;8;29;1783;5
23/02/2018;9;29;1768;5
23/02/2018;10;29;1767;5
23/02/2018;11;28;1680;5
23/02/2018;12;27;1655;5
23/02/2018;13;30;1843;5
23/02/2018;14;41;2462;5
23/02/2018;15;48;2907;5
23/02/2018;16;54;3284;5
23/02/2018;17;66;3962;5
23/02/2018;18;67;4028;5
23/02/2018;19;68;4083;5
23/02/2018;20;55;3354;5
23/02/2018;21;36;2172;5
23/02/2018;22;25;1531;5
23/02/2018;23;16;973;5
24/02/2018;0;9;582;6
24/02/2018;1;4;280;6
24/02/2018;2;2;173;6
24/02/2018;3;2;152;6
24/02/2018;4;3;192;6
24/02/2018;5;7;446;6
24/02/2018;6;18;1132;6
24/02/2018;7;30;1815;6
24/02/2018;8;37;2268;6
24/02/2018;9;41;2498;6
24/02/2018;10;41;2473;6
24/02/2018;11;35;2125;6
24/02/2018;12;27;1649;6
24/02/2018;13;25;1510;6
24/02/2018;14;29;1767;6
24/02/2018;15;25;1541;6
24/02/2018;16;22;1342;6
24/02/2018;17;21;1292;6
24/02/2018;18;21;1308;6
24/02/2018;19;20;1207;6
24/02/2018;20;16;989;6
24/02/2018;21;13;792;6
24/02/2018;22;8;517;6
24/02/2018;23;7;472;6
25/02/2018;0;6;365;7
25/02/2018;1;4;252;7
25/02/2018;2;2;157;7
25/02/2018;3;2;128;7
25/02/2018;4;2;139;7
25/02/2018;5;4;247;7
25/02/2018;6;8;485;7
25/02/2018;7;13;786;7
25/02/2018;8;19;1173;7
25/02/2018;9;22;1375;7
25/02/2018;10;20;1248;7
25/02/2018;11;19;1140;7
25/02/2018;12;14;842;7
25/02/2018;13;10;644;7
25/02/2018;14;13;817;7
25/02/2018;15;15;902;7
25/02/2018;16;15;936;7
25/02/2018;17;15;902;7
25/02/2018;18;16;986;7
25/02/2018;19;20;1221;7
25/02/2018;20;20;1239;7
25/02/2018;21;12;723;7
25/02/2018;22;7;452;7
25/02/2018;23;5;346;7
26/02/2018;0;3;203;1
26/02/2018;1;1;116;1
26/02/2018;2;1;83;1
26/02/2018;3;1;74;1
26/02/2018;4;1;112;1
26/02/2018;5;5;305;1
26/02/2018;6;13;795;1
26/02/2018;7;26;1580;1
26/02/2018;8;23;1430;1
26/02/2018;9;24;1452;1
26/02/2018;10;23;1400;1
26/02/2018;11;21;1263;1
26/02/2018;12;18;1081;1
26/02/2018;13;18;1098;1
26/02/2018;14;20;1208;1
26/02/2018;15;21;1273;1
26/02/2018;16;23;1382;1
26/02/2018;17;30;1829;1
26/02/2018;18;36;2161;1
26/02/2018;19;24;1448;1
26/02/2018;20;13;831;1
26/02/2018;21;9;549;1
26/02/2018;22;8;536;1
26/02/2018;23;6;369;1
27/02/2018;0;3;208;2
27/02/2018;1;1;109;2
27/02/2018;2;1;74;2
27/02/2018;3;1;76;2
27/02/2018;4;1;107;2
27/02/2018;5;4;276;2
27/02/2018;6;11;718;2
27/02/2018;7;24;1461;2
27/02/2018;8;23;1391;2
27/02/2018;9;21;1301;2
27/02/2018;10;20;1219;2
27/02/2018;11;19;1144;2
27/02/2018;12;17;1023;2
27/02/2018;13;18;1108;2
27/02/2018;14;20;1215;2
27/02/2018;15;22;1369;2
27/02/2018;16;24;1484;2
27/02/2018;17;32;1969;2
27/02/2018;18;37;2258;2
27/02/2018;19;22;1324;2
27/02/2018;20;14;846;2
27/02/2018;21;10;634;2
27/02/2018;22;9;546;2
27/02/2018;23;6;374;2
28/02/2018;0;5;310;3
28/02/2018;1;2;122;3
28/02/2018;2;1;85;3
28/02/2018;3;1;62;3
28/02/2018;4;2;125;3
28/02/2018;5;4;282;3
28/02/2018;6;12;724;3
28/02/2018;7;24;1489;3
28/02/2018;8;25;1511;3
28/02/2018;9;22;1333;3
28/02/2018;10;20;1223;3
28/02/2018;11;20;1207;3
28/02/2018;12;17;1039;3
28/02/2018;13;19;1168;3
28/02/2018;14;20;1256;3
28/02/2018;15;23;1384;3
28/02/2018;16;25;1511;3
28/02/2018;17;31;1890;3
28/02/2018;18;38;2327;3
28/02/2018;19;26;1570;3
28/02/2018;20;15;927;3
28/02/2018;21;9;566;3
28/02/2018;22;9;581;3
28/02/2018;23;6;366;3
01/03/2018;0;4;261;4
01/03/2018;1;2;136;4
01/03/2018;2;1;84;4
01/03/2018;3;1;84;4
01/03/2018;4;2;136;4
01/03/2018;5;5;352;4
01/03/2018;6;14;853;4
01/03/2018;7;25;1552;4
01/03/2018;8;27;1644;4
01/03/2018;9;22;1354;4
01/03/2018;10;21;1313;4
01/03/2018;11;21;1315;4
01/03/2018;12;18;1126;4
01/03/2018;13;18;1131;4
01/03/2018;14;22;1373;4
01/03/2018;15;23;1434;4
01/03/2018;16;29;1749;4
01/03/2018;17;36;2177;4
01/03/2018;18;39;2368;4
01/03/2018;19;27;1641;4
01/03/2018;20;16;1005;4
01/03/2018;21;12;730;4
01/03/2018;22;12;757;4
01/03/2018;23;7;448;4
02/03/2018;0;4;258;5
02/03/2018;1;2;156;5
02/03/2018;2;1;93;5
02/03/2018;3;1;99;5
02/03/2018;4;2;151;5
02/03/2018;5;6;374;5
02/03/2018;6;13;791;5
02/03/2018;7;27;1625;5
02/03/2018;8;26;1572;5
02/03/2018;9;25;1524;5
02/03/2018;10;24;1473;5
02/03/2018;11;26;1562;5
02/03/2018;12;22;1344;5
02/03/2018;13;26;1594;5
02/03/2018;14;34;2087;5
02/03/2018;15;36;2211;5
02/03/2018;16;41;2517;5
02/03/2018;17;52;3141;5
02/03/2018;18;55;3356;5
02/03/2018;19;54;3257;5
02/03/2018;20;48;2935;5
02/03/2018;21;30;1849;5
02/03/2018;22;22;1361;5
02/03/2018;23;15;930;5
03/03/2018;0;8;490;6
03/03/2018;1;3;236;6
03/03/2018;2;2;154;6
03/03/2018;3;2;165;6
03/03/2018;4;3;196;6
03/03/2018;5;8;500;6
03/03/2018;6;16;980;6
03/03/2018;7;26;1610;6
03/03/2018;8;33;2021;6
03/03/2018;9;38;2322;6
03/03/2018;10;37;2278;6
03/03/2018;11;31;1870;6
03/03/2018;12;25;1505;6
03/03/2018;13;22;1355;6
03/03/2018;14;24;1455;6
03/03/2018;15;25;1510;6
03/03/2018;16;22;1356;6
03/03/2018;17;21;1315;6
03/03/2018;18;19;1191;6
03/03/2018;19;19;1182;6
03/03/2018;20;16;989;6
03/03/2018;21;12;726;6
03/03/2018;22;9;567;6
03/03/2018;23;7;446;6
04/03/2018;0;5;356;7
04/03/2018;1;3;230;7
04/03/2018;2;2;156;7
04/03/2018;3;2;127;7
04/03/2018;4;3;184;7
04/03/2018;5;4;255;7
04/03/2018;6;6;413;7
04/03/2018;7;13;782;7
04/03/2018;8;17;1031;7
04/03/2018;9;19;1182;7
04/03/2018;10;18;1095;7
04/03/2018;11;21;1291;7
04/03/2018;12;16;976;7
04/03/2018;13;12;739;7
04/03/2018;14;13;799;7
04/03/2018;15;15;942;7
04/03/2018;16;17;1046;7
04/03/2018;17;16;966;7
04/03/2018;18;16;983;7
04/03/2018;19;15;945;7
04/03/2018;20;13;834;7
04/03/2018;21;9;569;7
04/03/2018;22;7;438;7
04/03/2018;23;5;329;7
05/03/2018;0;5;351;1
05/03/2018;1;3;207;1
05/03/2018;2;1;89;1
05/03/2018;3;1;76;1
05/03/2018;4;2;125;1
05/03/2018;5;5;315;1
05/03/2018;6;13;833;1
05/03/2018;7;26;1611;1
05/03/2018;8;24;1480;1
05/03/2018;9;24;1464;1
05/03/2018;10;22;1341;1
05/03/2018;11;20;1256;1
05/03/2018;12;19;1162;1
05/03/2018;13;18;1115;1
05/03/2018;14;22;1323;1
05/03/2018;15;21;1277;1
05/03/2018;16;23;1409;1
05/03/2018;17;30;1814;1
05/03/2018;18;36;2186;1
05/03/2018;19;23;1407;1
05/03/2018;20;14;852;1
05/03/2018;21;8;522;1
05/03/2018;22;10;631;1
05/03/2018;23;6;391;1
06/03/2018;0;3;209;2
06/03/2018;1;2;122;2
06/03/2018;2;1;90;2
06/03/2018;3;1;77;2
06/03/2018;4;1;102;2
06/03/2018;5;4;293;2
06/03/2018;6;11;706;2
06/03/2018;7;24;1490;2
06/03/2018;8;23;1417;2
06/03/2018;9;22;1328;2
06/03/2018;10;20;1216;2
06/03/2018;11;19;1175;2
06/03/2018;12;17;1072;2
06/03/2018;13;17;1079;2
06/03/2018;14;21;1267;2
06/03/2018;15;23;1411;2
06/03/2018;16;24;1458;2
06/03/2018;17;34;2070;2
06/03/2018;18;39;2372;2
06/03/2018;19;26;1607;2
06/03/2018;20;14;881;2
06/03/2018;21;9;591;2
06/03/2018;22;10;624;2
06/03/2018;23;7;444;2
07/03/2018;0;3;211;3
07/03/2018;1;1;109;3
07/03/2018;2;1;72;3
07/03/2018;3;1;72;3
07/03/2018;4;2;129;3
07/03/2018;5;4;296;3
07/03/2018;6;11;699;3
07/03/2018;7;23;1409;3
07/03/2018;8;24;1487;3
07/03/2018;9;21;1300;3
07/03/2018;10;21;1296;3
07/03/2018;11;20;1218;3
07/03/2018;12;17;1079;3
07/03/2018;13;17;1079;3
07/03/2018;14;21;1316;3
07/03/2018;15;21;1303;3
07/03/2018;16;24;1495;3
07/03/2018;17;33;2019;3
07/03/2018;18;40;2402;3
07/03/2018;19;27;1653;3
07/03/2018;20;14;899;3
07/03/2018;21;10;647;3
07/03/2018;22;11;682;3
07/03/2018;23;6;419;3
08/03/2018;0;6;399;4
08/03/2018;1;2;123;4
08/03/2018;2;1;97;4
08/03/2018;3;1;90;4
08/03/2018;4;1;109;4
08/03/2018;5;5;303;4
08/03/2018;6;12;750;4
08/03/2018;7;27;1646;4
08/03/2018;8;24;1490;4
08/03/2018;9;21;1298;4
08/03/2018;10;22;1328;4
08/03/2018;11;22;1357;4
08/03/2018;12;18;1115;4
08/03/2018;13;20;1219;4
08/03/2018;14;23;1438;4
08/03/2018;15;25;1501;4
08/03/2018;16;29;1747;4
08/03/2018;17;35;2133;4
08/03/2018;18;38;2284;4
08/03/2018;19;30;1830;4
08/03/2018;20;17;1032;4
08/03/2018;21;12;735;4
08/03/2018;22;12;723;4
08/03/2018;23;9;565;4
09/03/2018;0;4;253;5
09/03/2018;1;2;135;5
09/03/2018;2;1;93;5
09/03/2018;3;1;100;5
09/03/2018;4;2;162;5
09/03/2018;5;6;374;5
09/03/2018;6;14;862;5
09/03/2018;7;26;1564;5
09/03/2018;8;25;1545;5
09/03/2018;9;26;1577;5
09/03/2018;10;25;1547;5
09/03/2018;11;24;1477;5
09/03/2018;12;22;1376;5
09/03/2018;13;25;1538;5
09/03/2018;14;35;2123;5
09/03/2018;15;37;2253;5
09/03/2018;16;42;2539;5
09/03/2018;17;50;3059;5
09/03/2018;18;55;3317;5
09/03/2018;19;52;3171;5
09/03/2018;20;45;2725;5
09/03/2018;21;29;1748;5
09/03/2018;22;22;1350;5
09/03/2018;23;14;894;5
10/03/2018;0;8;512;6
10/03/2018;1;4;271;6
10/03/2018;2;2;170;6
10/03/2018;3;2;133;6
10/03/2018;4;3;201;6
10/03/2018;5;7;470;6
10/03/2018;6;14;895;6
10/03/2018;7;23;1395;6
10/03/2018;8;31;1880;6
10/03/2018;9;37;2225;6
10/03/2018;10;35;2143;6
10/03/2018;11;33;1994;6
10/03/2018;12;29;1747;6
10/03/2018;13;27;1625;6
10/03/2018;14;26;1610;6
10/03/2018;15;25;1544;6
10/03/2018;16;22;1370;6
10/03/2018;17;20;1252;6
10/03/2018;18;21;1268;6
10/03/2018;19;19;1154;6
10/03/2018;20;17;1066;6
10/03/2018;21;13;832;6
10/03/2018;22;10;603;6
10/03/2018;23;8;497;6
11/03/2018;0;7;428;7
11/03/2018;1;4;248;7
11/03/2018;2;3;185;7
11/03/2018;3;2;121;7
11/03/2018;4;2;174;7
11/03/2018;5;4;248;7
11/03/2018;6;7;457;7
11/03/2018;7;13;828;7
11/03/2018;8;18;1129;7
11/03/2018;9;21;1271;7
11/03/2018;10;21;1278;7
11/03/2018;11;19;1189;7
11/03/2018;12;16;988;7
11/03/2018;13;12;740;7
11/03/2018;14;12;741;7
11/03/2018;15;15;930;7
11/03/2018;16;18;1107;7
11/03/2018;17;14;870;7
11/03/2018;18;15;911;7
11/03/2018;19;17;1028;7
11/03/2018;20;17;1046;7
11/03/2018;21;12;728;7
11/03/2018;22;7;447;7
11/03/2018;23;5;323;7
12/03/2018;0;4;260;1
12/03/2018;1;2;124;1
12/03/2018;2;1;71;1
12/03/2018;3;1;68;1
12/03/2018;4;2;123;1
12/03/2018;5;5;336;1
12/03/2018;6;13;811;1
12/03/2018;7;24;1492;1
12/03/2018;8;25;1501;1
12/03/2018;9;21;1291;1
12/03/2018;10;19;1187;1
12/03/2018;11;19;1190;1
12/03/2018;12;17;1068;1
12/03/2018;13;17;1050;1
12/03/2018;14;21;1262;1
12/03/2018;15;21;1305;1
12/03/2018;16;22;1369;1
12/03/2018;17;29;1771;1
12/03/2018;18;36;2182;1
12/03/2018;19;29;1754;1
12/03/2018;20;14;891;1
12/03/2018;21;9;587;1
12/03/2018;22;10;603;1
12/03/2018;23;6;375;1
13/03/2018;0;3;210;2
13/03/2018;1;1;113;2
13/03/2018;2;1;67;2
13/03/2018;3;1;92;2
13/03/2018;4;1;109;2
13/03/2018;5;5;302;2
13/03/2018;6;11;699;2
13/03/2018;7;23;1435;2
13/03/2018;8;22;1369;2
13/03/2018;9;19;1155;2
13/03/2018;10;18;1096;2
13/03/2018;11;18;1122;2
13/03/2018;12;17;1079;2
13/03/2018;13;18;1101;2
13/03/2018;14;20;1211;2
13/03/2018;15;22;1352;2
13/03/2018;16;24;1493;2
13/03/2018;17;32;1935;2
13/03/2018;18;38;2326;2
13/03/2018;19;25;1539;2
13/03/2018;20;14;863;2
13/03/2018;21;10;606;2
13/03/2018;22;10;606;2
13/03/2018;23;6;399;2
14/03/2018;0;3;182;3
14/03/2018;1;1;98;3
14/03/2018;2;0;56;3
14/03/2018;3;1;77;3
14/03/2018;4;1;104;3
14/03/2018;5;4;276;3
14/03/2018;6;12;729;3
14/03/2018;7;23;1423;3
14/03/2018;8;23;1398;3
14/03/2018;9;21;1269;3
14/03/2018;10;20;1254;3
14/03/2018;11;18;1125;3
14/03/2018;12;17;1050;3
14/03/2018;13;18;1135;3
14/03/2018;14;21;1263;3
14/03/2018;15;22;1327;3
14/03/2018;16;24;1444;3
14/03/2018;17;33;1989;3
14/03/2018;18;37;2268;3
14/03/2018;19;25;1509;3
14/03/2018;20;14;870;3
14/03/2018;21;10;605;3
14/03/2018;22;9;586;3
14/03/2018;23;6;418;3
16/03/2018;0;4;259;5
16/03/2018;1;2;135;5
16/03/2018;2;1;75;5
16/03/2018;3;1;84;5
16/03/2018;4;2;132;5
16/03/2018;5;5;335;5
16/03/2018;6;12;773;5
16/03/2018;7;25;1524;5
16/03/2018;8;25;1544;5
16/03/2018;9;25;1546;5
16/03/2018;10;25;1518;5
16/03/2018;11;21;1317;5
16/03/2018;12;22;1347;5
16/03/2018;13;23;1406;5
16/03/2018;14;32;1933;5
16/03/2018;15;33;2007;5
16/03/2018;16;40;2411;5
16/03/2018;17;47;2847;5
16/03/2018;18;49;2966;5
16/03/2018;19;48;2886;5
16/03/2018;20;39;2362;5
16/03/2018;21;25;1501;5
16/03/2018;22;18;1089;5
16/03/2018;23;13;831;5
17/03/2018;0;7;457;6
17/03/2018;1;3;225;6
17/03/2018;2;2;140;6
17/03/2018;3;1;111;6
17/03/2018;4;2;170;6
17/03/2018;5;6;406;6
17/03/2018;6;12;725;6
17/03/2018;7;21;1313;6
17/03/2018;8;29;1781;6
17/03/2018;9;33;2009;6
17/03/2018;10;33;2027;6
17/03/2018;11;27;1675;6
17/03/2018;12;23;1405;6
17/03/2018;13;22;1352;6
17/03/2018;14;24;1495;6
17/03/2018;15;25;1539;6
17/03/2018;16;22;1323;6
17/03/2018;17;20;1241;6
17/03/2018;18;22;1321;6
17/03/2018;19;19;1196;6
17/03/2018;20;17;1054;6
17/03/2018;21;13;780;6
17/03/2018;22;9;590;6
17/03/2018;23;9;574;6
18/03/2018;0;8;507;7
18/03/2018;1;6;384;7
18/03/2018;2;4;293;7
18/03/2018;3;3;238;7
18/03/2018;4;3;189;7
18/03/2018;5;4;255;7
18/03/2018;6;5;327;7
18/03/2018;7;9;595;7
18/03/2018;8;14;862;7
18/03/2018;9;17;1038;7
18/03/2018;10;19;1157;7
18/03/2018;11;18;1105;7
18/03/2018;12;14;868;7
18/03/2018;13;11;712;7
18/03/2018;14;13;832;7
18/03/2018;15;17;1037;7
18/03/2018;16;15;935;7
18/03/2018;17;13;823;7
18/03/2018;18;20;1200;7
18/03/2018;19;22;1328;7
18/03/2018;20;14;879;7
18/03/2018;21;9;572;7
18/03/2018;22;6;393;7
18/03/2018;23;4;275;7
19/03/2018;0;2;175;1
19/03/2018;1;1;97;1
19/03/2018;2;1;68;1
19/03/2018;3;0;43;1
19/03/2018;4;1;114;1
19/03/2018;5;5;326;1
19/03/2018;6;11;666;1
19/03/2018;7;23;1418;1
19/03/2018;8;24;1441;1
19/03/2018;9;20;1236;1
19/03/2018;10;18;1127;1
19/03/2018;11;18;1089;1
19/03/2018;12;17;1075;1
19/03/2018;13;18;1083;1
19/03/2018;14;20;1238;1
19/03/2018;15;20;1233;1
19/03/2018;16;22;1367;1
19/03/2018;17;30;1807;1
19/03/2018;18;36;2207;1
19/03/2018;19;23;1406;1
19/03/2018;20;13;810;1
19/03/2018;21;9;567;1
19/03/2018;22;9;571;1
19/03/2018;23;6;373;1
20/03/2018;0;2;168;2
20/03/2018;1;1;99;2
20/03/2018;2;1;62;2
20/03/2018;3;1;77;2
20/03/2018;4;1;98;2
20/03/2018;5;4;251;2
20/03/2018;6;10;647;2
20/03/2018;7;22;1350;2
20/03/2018;8;22;1342;2
20/03/2018;9;19;1177;2
20/03/2018;10;18;1104;2
20/03/2018;11;17;1039;2
20/03/2018;12;16;1019;2
20/03/2018;13;17;1046;2
20/03/2018;14;20;1227;2
20/03/2018;15;20;1252;2
20/03/2018;16;24;1465;2
20/03/2018;17;32;1950;2
20/03/2018;18;37;2238;2
20/03/2018;19;27;1655;2
20/03/2018;20;13;811;2
20/03/2018;21;9;593;2
20/03/2018;22;9;576;2
20/03/2018;23;6;411;2
21/03/2018;0;3;197;3
21/03/2018;1;1;99;3
21/03/2018;2;1;72;3
21/03/2018;3;0;56;3
21/03/2018;4;1;108;3
21/03/2018;5;4;287;3
21/03/2018;6;11;667;3
21/03/2018;7;22;1358;3
21/03/2018;8;22;1365;3
21/03/2018;9;20;1243;3
21/03/2018;10;19;1180;3
21/03/2018;11;17;1033;3
21/03/2018;12;17;1050;3
21/03/2018;13;17;1079;3
21/03/2018;14;20;1211;3
21/03/2018;15;21;1279;3
21/03/2018;16;24;1468;3
21/03/2018;17;27;1659;3
21/03/2018;18;41;2483;3
21/03/2018;19;26;1570;3
21/03/2018;20;14;853;3
21/03/2018;21;10;619;3
21/03/2018;22;9;591;3
21/03/2018;23;6;367;3
22/03/2018;0;7;452;4
22/03/2018;1;3;198;4
22/03/2018;2;1;108;4
22/03/2018;3;1;87;4
22/03/2018;4;1;102;4
22/03/2018;5;4;258;4
22/03/2018;6;11;715;4
22/03/2018;7;24;1466;4
22/03/2018;8;24;1456;4
22/03/2018;9;21;1298;4
22/03/2018;10;21;1267;4
22/03/2018;11;19;1174;4
22/03/2018;12;18;1114;4
22/03/2018;13;19;1167;4
22/03/2018;14;24;1449;4
22/03/2018;15;30;1820;4
22/03/2018;16;30;1831;4
22/03/2018;17;34;2054;4
22/03/2018;18;37;2269;4
22/03/2018;19;33;1985;4
22/03/2018;20;15;948;4
22/03/2018;21;10;614;4
22/03/2018;22;11;692;4
22/03/2018;23;7;456;4
23/03/2018;0;4;245;5
23/03/2018;1;2;167;5
23/03/2018;2;1;97;5
23/03/2018;3;1;89;5
23/03/2018;4;2;140;5
23/03/2018;5;5;323;5
23/03/2018;6;11;696;5
23/03/2018;7;24;1451;5
23/03/2018;8;25;1502;5
23/03/2018;9;23;1421;5
23/03/2018;10;24;1457;5
23/03/2018;11;23;1392;5
23/03/2018;12;23;1424;5
23/03/2018;13;25;1512;5
23/03/2018;14;31;1867;5
23/03/2018;15;32;1933;5
23/03/2018;16;36;2177;5
23/03/2018;17;44;2676;5
23/03/2018;18;47;2859;5
23/03/2018;19;42;2578;5
23/03/2018;20;28;1714;5
23/03/2018;21;19;1155;5
23/03/2018;22;15;909;5
23/03/2018;23;11;695;5
24/03/2018;0;6;374;6
24/03/2018;1;3;239;6
24/03/2018;2;2;129;6
24/03/2018;3;2;144;6
24/03/2018;4;3;200;6
24/03/2018;5;6;380;6
24/03/2018;6;10;602;6
24/03/2018;7;19;1182;6
24/03/2018;8;24;1445;6
24/03/2018;9;27;1654;6
24/03/2018;10;27;1671;6
24/03/2018;11;26;1586;6
24/03/2018;12;22;1379;6
24/03/2018;13;21;1286;6
24/03/2018;14;23;1390;6
24/03/2018;15;23;1429;6
24/03/2018;16;21;1279;6
24/03/2018;17;21;1317;6
24/03/2018;18;19;1190;6
24/03/2018;19;16;1004;6
24/03/2018;20;14;857;6
24/03/2018;21;9;592;6
24/03/2018;22;6;409;6
24/03/2018;23;5;346;6
25/03/2018;0;4;251;7
25/03/2018;1;3;208;7
25/03/2018;2;2;138;7
25/03/2018;3;2;137;7
25/03/2018;4;2;146;7
25/03/2018;5;3;211;7
25/03/2018;6;6;380;7
25/03/2018;7;9;548;7
25/03/2018;8;11;674;7
25/03/2018;9;13;837;7
25/03/2018;10;16;1007;7
25/03/2018;11;18;1103;7
25/03/2018;12;13;808;7
25/03/2018;13;11;678;7
25/03/2018;14;12;776;7
25/03/2018;15;15;947;7
25/03/2018;16;15;916;7
25/03/2018;17;15;939;7
25/03/2018;18;16;1003;7
25/03/2018;19;15;940;7
25/03/2018;20;12;728;7
25/03/2018;21;8;523;7
25/03/2018;22;5;339;7
25/03/2018;23;4;267;7
26/03/2018;0;2;161;1
26/03/2018;1;1;107;1
26/03/2018;2;1;78;1
26/03/2018;3;1;69;1
26/03/2018;4;1;96;1
26/03/2018;5;4;298;1
26/03/2018;6;11;674;1
26/03/2018;7;24;1464;1
26/03/2018;8;24;1456;1
26/03/2018;9;20;1246;1
26/03/2018;10;18;1118;1
26/03/2018;11;17;1036;1
26/03/2018;12;18;1096;1
26/03/2018;13;17;1060;1
26/03/2018;14;20;1218;1
26/03/2018;15;21;1284;1
26/03/2018;16;23;1407;1
26/03/2018;17;31;1896;1
26/03/2018;18;37;2274;1
26/03/2018;19;22;1339;1
26/03/2018;20;12;772;1
26/03/2018;21;9;559;1
26/03/2018;22;9;585;1
26/03/2018;23;6;379;1
27/03/2018;0;2;166;2
27/03/2018;1;1;95;2
27/03/2018;2;1;69;2
27/03/2018;3;1;80;2
27/03/2018;4;1;97;2
27/03/2018;5;4;251;2
27/03/2018;6;10;655;2
27/03/2018;7;23;1388;2
27/03/2018;8;21;1295;2
27/03/2018;9;19;1175;2
27/03/2018;10;18;1107;2
27/03/2018;11;17;1020;2
27/03/2018;12;17;1025;2
27/03/2018;13;16;999;2
27/03/2018;14;21;1315;2
27/03/2018;15;21;1299;2
27/03/2018;16;25;1546;2
27/03/2018;17;32;1925;2
27/03/2018;18;38;2304;2
27/03/2018;19;26;1588;2
27/03/2018;20;13;788;2
27/03/2018;21;8;532;2
27/03/2018;22;10;640;2
27/03/2018;23;6;389;2
28/03/2018;0;3;190;3
28/03/2018;1;1;107;3
28/03/2018;2;1;60;3
28/03/2018;3;1;86;3
28/03/2018;4;1;93;3
28/03/2018;5;4;279;3
28/03/2018;6;11;704;3
28/03/2018;7;24;1451;3
28/03/2018;8;24;1458;3
28/03/2018;9;21;1318;3
28/03/2018;10;21;1318;3
28/03/2018;11;20;1246;3
28/03/2018;12;19;1155;3
28/03/2018;13;20;1258;3
28/03/2018;14;26;1600;3
28/03/2018;15;27;1624;3
28/03/2018;16;30;1845;3
28/03/2018;17;36;2180;3
28/03/2018;18;42;2545;3
28/03/2018;19;29;1790;3
28/03/2018;20;19;1182;3
28/03/2018;21;13;827;3
28/03/2018;22;12;743;3
28/03/2018;23;8;506;3
29/03/2018;0;7;458;4
29/03/2018;1;3;182;4
29/03/2018;2;2;133;4
29/03/2018;3;1;102;4
29/03/2018;4;2;160;4
29/03/2018;5;6;366;4
29/03/2018;6;14;888;4
29/03/2018;7;28;1687;4
29/03/2018;8;30;1826;4
29/03/2018;9;32;1977;4
29/03/2018;10;35;2108;4
29/03/2018;11;34;2069;4
29/03/2018;12;32;1968;4
29/03/2018;13;37;2260;4
29/03/2018;14;52;3154;4
29/03/2018;15;56;3389;4
29/03/2018;16;60;3635;4
29/03/2018;17;65;3905;4
29/03/2018;18;68;4095;4
29/03/2018;19;68;4084;4
29/03/2018;20;63;3786;4
29/03/2018;21;47;2878;4
29/03/2018;22;33;2015;4
29/03/2018;23;23;1426;4
30/03/2018;0;14;875;5
30/03/2018;1;6;414;5
30/03/2018;2;3;237;5
30/03/2018;3;3;225;5
30/03/2018;4;6;390;5
30/03/2018;5;12;779;5
30/03/2018;6;25;1509;5
30/03/2018;7;33;2017;5
30/03/2018;8;41;2513;5
30/03/2018;9;53;3204;5
30/03/2018;10;61;3665;5
30/03/2018;11;53;3201;5
30/03/2018;12;33;2006;5
30/03/2018;13;21;1317;5
30/03/2018;14;23;1406;5
30/03/2018;15;24;1492;5
30/03/2018;16;24;1471;5
30/03/2018;17;20;1248;5
30/03/2018;18;19;1176;5
30/03/2018;19;17;1044;5
30/03/2018;20;12;734;5
30/03/2018;21;8;526;5
30/03/2018;22;5;333;5
30/03/2018;23;3;235;5
31/03/2018;0;3;181;6
31/03/2018;1;1;101;6
31/03/2018;2;1;62;6
31/03/2018;3;0;48;6
31/03/2018;4;1;61;6
31/03/2018;5;2;121;6
31/03/2018;6;6;393;6
31/03/2018;7;11;682;6
31/03/2018;8;15;943;6
31/03/2018;9;22;1322;6
31/03/2018;10;20;1251;6
31/03/2018;11;20;1239;6
31/03/2018;12;15;935;6
31/03/2018;13;15;903;6
31/03/2018;14;17;1023;6
31/03/2018;15;18;1085;6
31/03/2018;16;14;896;6
31/03/2018;17;15;904;6
31/03/2018;18;15;900;6
31/03/2018;19;12;747;6
31/03/2018;20;9;590;6
31/03/2018;21;7;449;6
31/03/2018;22;5;357;6
31/03/2018;23;5;311;6
01/04/2018;0;3;226;7
01/04/2018;1;1;117;7
01/04/2018;2;1;74;7
01/04/2018;3;1;70;7
01/04/2018;4;1;75;7
01/04/2018;5;1;105;7
01/04/2018;6;3;223;7
01/04/2018;7;7;427;7
01/04/2018;8;9;554;7
01/04/2018;9;9;568;7
01/04/2018;10;17;1030;7
01/04/2018;11;19;1197;7
01/04/2018;12;15;919;7
01/04/2018;13;14;865;7
01/04/2018;14;18;1084;7
01/04/2018;15;21;1275;7
01/04/2018;16;22;1331;7
01/04/2018;17;20;1202;7
01/04/2018;18;25;1516;7
01/04/2018;19;23;1430;7
01/04/2018;20;17;1062;7
01/04/2018;21;13;818;7
01/04/2018;22;12;779;7
01/04/2018;23;8;495;7
02/04/2018;0;6;363;1
02/04/2018;1;1;104;1
02/04/2018;2;2;146;1
02/04/2018;3;1;110;1
02/04/2018;4;2;167;1
02/04/2018;5;6;402;1
02/04/2018;6;15;908;1
02/04/2018;7;26;1596;1
02/04/2018;8;26;1612;1
02/04/2018;9;23;1409;1
02/04/2018;10;22;1349;1
02/04/2018;11;21;1295;1
02/04/2018;12;19;1159;1
02/04/2018;13;19;1167;1
02/04/2018;14;23;1399;1
02/04/2018;15;24;1483;1
02/04/2018;16;24;1470;1
02/04/2018;17;31;1878;1
02/04/2018;18;40;2418;1
02/04/2018;19;26;1589;1
02/04/2018;20;12;759;1
02/04/2018;21;9;577;1
02/04/2018;22;9;552;1
02/04/2018;23;5;359;1
03/04/2018;0;3;181;2
03/04/2018;1;1;101;2
03/04/2018;2;1;64;2
03/04/2018;3;0;51;2
03/04/2018;4;1;105;2
03/04/2018;5;3;232;2
03/04/2018;6;7;473;2
03/04/2018;7;20;1209;2
03/04/2018;8;21;1279;2
03/04/2018;9;19;1165;2
03/04/2018;10;17;1075;2
03/04/2018;11;17;1034;2
03/04/2018;12;17;1048;2
03/04/2018;13;17;1051;2
03/04/2018;14;23;1405;2
03/04/2018;15;25;1516;2
03/04/2018;16;26;1577;2
03/04/2018;17;33;2035;2
03/04/2018;18;45;2709;2
03/04/2018;19;28;1721;2
03/04/2018;20;15;922;2
03/04/2018;21;12;724;2
03/04/2018;22;9;593;2
03/04/2018;23;6;419;2
04/04/2018;0;3;198;3
04/04/2018;1;1;90;3
04/04/2018;2;1;81;3
04/04/2018;3;1;67;3
04/04/2018;4;1;94;3
04/04/2018;5;4;246;3
04/04/2018;6;11;707;3
04/04/2018;7;26;1563;3
04/04/2018;8;25;1552;3
04/04/2018;9;20;1235;3
04/04/2018;10;21;1280;3
04/04/2018;11;19;1152;3
04/04/2018;12;18;1098;3
04/04/2018;13;19;1185;3
04/04/2018;14;23;1388;3
04/04/2018;15;23;1438;3
04/04/2018;16;28;1702;3
04/04/2018;17;36;2161;3
04/04/2018;18;38;2295;3
04/04/2018;19;30;1839;3
04/04/2018;20;14;882;3
04/04/2018;21;14;891;3
04/04/2018;22;11;699;3
04/04/2018;23;7;435;3
05/04/2018;0;2;175;4
05/04/2018;1;1;117;4
05/04/2018;2;1;60;4
05/04/2018;3;1;77;4
05/04/2018;4;1;100;4
05/04/2018;5;4;282;4
05/04/2018;6;12;776;4
05/04/2018;7;26;1606;4
05/04/2018;8;27;1652;4
05/04/2018;9;23;1432;4
05/04/2018;10;22;1365;4
05/04/2018;11;20;1211;4
05/04/2018;12;19;1194;4
05/04/2018;13;21;1283;4
05/04/2018;14;25;1524;4
05/04/2018;15;26;1569;4
05/04/2018;16;29;1791;4
05/04/2018;17;37;2250;4
05/04/2018;18;43;2620;4
05/04/2018;19;30;1832;4
05/04/2018;20;18;1113;4
05/04/2018;21;11;709;4
05/04/2018;22;12;738;4
05/04/2018;23;7;446;4
06/04/2018;0;3;203;5
06/04/2018;1;1;118;5
06/04/2018;2;1;88;5
06/04/2018;3;1;69;5
06/04/2018;4;1;108;5
06/04/2018;5;4;276;5
06/04/2018;6;13;785;5
06/04/2018;7;26;1616;5
06/04/2018;8;26;1612;5
06/04/2018;9;22;1375;5
06/04/2018;10;25;1539;5
06/04/2018;11;23;1429;5
06/04/2018;12;23;1405;5
06/04/2018;13;26;1581;5
06/04/2018;14;31;1918;5
06/04/2018;15;32;1957;5
06/04/2018;16;38;2304;5
06/04/2018;17;46;2806;5
06/04/2018;18;51;3089;5
06/04/2018;19;42;2540;5
06/04/2018;20;27;1662;5
06/04/2018;21;18;1117;5
06/04/2018;22;13;836;5
06/04/2018;23;10;638;5
07/04/2018;0;6;368;6
07/04/2018;1;3;185;6
07/04/2018;2;2;133;6
07/04/2018;3;1;112;6
07/04/2018;4;2;144;6
07/04/2018;5;4;265;6
07/04/2018;6;9;569;6
07/04/2018;7;18;1130;6
07/04/2018;8;23;1398;6
07/04/2018;9;28;1708;6
07/04/2018;10;26;1616;6
07/04/2018;11;25;1525;6
07/04/2018;12;22;1333;6
07/04/2018;13;21;1269;6
07/04/2018;14;23;1385;6
07/04/2018;15;22;1379;6
07/04/2018;16;21;1273;6
07/04/2018;17;19;1150;6
07/04/2018;18;19;1154;6
07/04/2018;19;17;1064;6
07/04/2018;20;16;980;6
07/04/2018;21;10;632;6
07/04/2018;22;7;476;6
07/04/2018;23;7;472;6
08/04/2018;0;5;316;7
08/04/2018;1;4;251;7
08/04/2018;2;3;181;7
08/04/2018;3;1;110;7
08/04/2018;4;2;133;7
08/04/2018;5;3;207;7
08/04/2018;6;5;308;7
08/04/2018;7;9;587;7
08/04/2018;8;13;798;7
08/04/2018;9;15;958;7
08/04/2018;10;17;1036;7
08/04/2018;11;18;1102;7
08/04/2018;12;14;860;7
08/04/2018;13;11;685;7
08/04/2018;14;13;786;7
08/04/2018;15;15;945;7
08/04/2018;16;15;953;7
08/04/2018;17;16;966;7
08/04/2018;18;17;1047;7
08/04/2018;19;19;1148;7
08/04/2018;20;16;974;7
08/04/2018;21;12;737;7
08/04/2018;22;7;477;7
08/04/2018;23;5;336;7
09/04/2018;0;3;194;1
09/04/2018;1;2;134;1
09/04/2018;2;0;40;1
09/04/2018;3;1;64;1
09/04/2018;4;1;106;1
09/04/2018;5;5;319;1
09/04/2018;6;12;741;1
09/04/2018;7;24;1480;1
09/04/2018;8;22;1372;1
09/04/2018;9;20;1229;1
09/04/2018;10;18;1101;1
09/04/2018;11;18;1081;1
09/04/2018;12;16;1013;1
09/04/2018;13;17;1036;1
09/04/2018;14;20;1203;1
09/04/2018;15;20;1243;1
09/04/2018;16;23;1380;1
09/04/2018;17;31;1860;1
09/04/2018;18;38;2303;1
09/04/2018;19;22;1344;1
09/04/2018;20;14;890;1
09/04/2018;21;9;598;1
09/04/2018;22;10;602;1
09/04/2018;23;6;379;1
10/04/2018;0;3;182;2
10/04/2018;1;1;111;2
10/04/2018;2;1;80;2
10/04/2018;3;1;73;2
10/04/2018;4;1;109;2
10/04/2018;5;4;282;2
10/04/2018;6;10;621;2
10/04/2018;7;22;1354;2
10/04/2018;8;24;1440;2
10/04/2018;9;19;1194;2
10/04/2018;10;19;1177;2
10/04/2018;11;17;1067;2
10/04/2018;12;16;995;2
10/04/2018;13;17;1034;2
10/04/2018;14;20;1251;2
10/04/2018;15;22;1341;2
10/04/2018;16;26;1571;2
10/04/2018;17;33;2022;2
10/04/2018;18;39;2383;2
10/04/2018;19;26;1590;2
10/04/2018;20;14;850;2
10/04/2018;21;9;594;2
10/04/2018;22;10;612;2
10/04/2018;23;7;433;2
11/04/2018;0;2;174;3
11/04/2018;1;1;107;3
11/04/2018;2;1;68;3
11/04/2018;3;1;81;3
11/04/2018;4;1;108;3
11/04/2018;5;4;293;3
11/04/2018;6;11;690;3
11/04/2018;7;22;1341;3
11/04/2018;8;22;1345;3
11/04/2018;9;21;1288;3
11/04/2018;10;19;1181;3
11/04/2018;11;18;1087;3
11/04/2018;12;16;997;3
11/04/2018;13;17;1043;3
11/04/2018;14;21;1285;3
11/04/2018;15;22;1347;3
11/04/2018;16;25;1502;3
11/04/2018;17;32;1953;3
11/04/2018;18;36;2206;3
11/04/2018;19;24;1498;3
11/04/2018;20;13;787;3
11/04/2018;21;11;664;3
11/04/2018;22;12;747;3
11/04/2018;23;7;473;3
12/04/2018;0;3;194;4
12/04/2018;1;1;119;4
12/04/2018;2;1;80;4
12/04/2018;3;1;78;4
12/04/2018;4;1;102;4
12/04/2018;5;5;304;4
12/04/2018;6;11;670;4
12/04/2018;7;24;1442;4
12/04/2018;8;21;1318;4
12/04/2018;9;21;1310;4
12/04/2018;10;19;1180;4
12/04/2018;11;16;1007;4
12/04/2018;12;16;1016;4
12/04/2018;13;18;1087;4
12/04/2018;14;22;1368;4
12/04/2018;15;23;1411;4
12/04/2018;16;26;1584;4
12/04/2018;17;34;2095;4
12/04/2018;18;39;2349;4
12/04/2018;19;28;1702;4
12/04/2018;20;15;947;4
12/04/2018;21;10;654;4
12/04/2018;22;11;681;4
12/04/2018;23;8;480;4
13/04/2018;0;3;237;5
13/04/2018;1;1;90;5
13/04/2018;2;1;80;5
13/04/2018;3;1;72;5
13/04/2018;4;1;109;5
13/04/2018;5;4;263;5
13/04/2018;6;11;684;5
13/04/2018;7;22;1341;5
13/04/2018;8;22;1367;5
13/04/2018;9;20;1221;5
13/04/2018;10;20;1226;5
13/04/2018;11;21;1279;5
13/04/2018;12;19;1172;5
13/04/2018;13;22;1329;5
13/04/2018;14;26;1616;5
13/04/2018;15;28;1701;5
13/04/2018;16;33;2017;5
13/04/2018;17;44;2675;5
13/04/2018;18;42;2578;5
13/04/2018;19;38;2338;5
13/04/2018;20;24;1457;5
13/04/2018;21;17;1022;5
13/04/2018;22;14;845;5
13/04/2018;23;10;610;5
14/04/2018;0;5;349;6
14/04/2018;1;3;196;6
14/04/2018;2;1;100;6
14/04/2018;3;1;103;6
14/04/2018;4;2;140;6
14/04/2018;5;5;312;6
14/04/2018;6;7;475;6
14/04/2018;7;14;891;6
14/04/2018;8;19;1181;6
14/04/2018;9;22;1345;6
14/04/2018;10;23;1389;6
14/04/2018;11;23;1412;6
14/04/2018;12;19;1188;6
14/04/2018;13;18;1105;6
14/04/2018;14;20;1235;6
14/04/2018;15;20;1204;6
14/04/2018;16;19;1142;6
14/04/2018;17;18;1120;6
14/04/2018;18;18;1120;6
14/04/2018;19;17;1029;6
14/04/2018;20;13;784;6
14/04/2018;21;13;814;6
14/04/2018;22;7;437;6
14/04/2018;23;6;411;6
16/04/2018;0;3;183;1
16/04/2018;1;1;97;1
16/04/2018;2;0;59;1
16/04/2018;3;0;46;1
16/04/2018;4;1;97;1
16/04/2018;5;4;286;1
16/04/2018;6;12;750;1
16/04/2018;7;24;1449;1
16/04/2018;8;23;1415;1
16/04/2018;9;20;1215;1
16/04/2018;10;19;1155;1
16/04/2018;11;17;1079;1
16/04/2018;12;16;968;1
16/04/2018;13;17;1043;1
16/04/2018;14;20;1222;1
16/04/2018;15;19;1155;1
16/04/2018;16;22;1355;1
16/04/2018;17;31;1863;1
16/04/2018;18;37;2222;1
16/04/2018;19;22;1355;1
16/04/2018;20;13;828;1
16/04/2018;21;9;593;1
16/04/2018;22;8;535;1
16/04/2018;23;5;325;1
17/04/2018;0;2;168;2
17/04/2018;1;1;101;2
17/04/2018;2;1;77;2
17/04/2018;3;0;48;2
17/04/2018;4;1;89;2
17/04/2018;5;4;279;2
17/04/2018;6;11;661;2
17/04/2018;7;22;1368;2
17/04/2018;8;22;1364;2
17/04/2018;9;19;1179;2
17/04/2018;10;19;1144;2
17/04/2018;11;18;1138;2
17/04/2018;12;15;947;2
17/04/2018;13;17;1054;2
17/04/2018;14;20;1217;2
17/04/2018;15;22;1340;2
17/04/2018;16;25;1523;2
17/04/2018;17;34;2094;2
17/04/2018;18;39;2349;2
17/04/2018;19;24;1476;2
17/04/2018;20;13;810;2
17/04/2018;21;9;579;2
17/04/2018;22;8;534;2
17/04/2018;23;6;381;2
18/04/2018;0;2;175;3
18/04/2018;1;1;88;3
18/04/2018;2;1;69;3
18/04/2018;3;1;65;3
18/04/2018;4;1;95;3
18/04/2018;5;4;282;3
18/04/2018;6;11;689;3
18/04/2018;7;23;1393;3
18/04/2018;8;23;1436;3
18/04/2018;9;20;1259;3
18/04/2018;10;19;1162;3
18/04/2018;11;18;1085;3
18/04/2018;12;16;991;3
18/04/2018;13;18;1091;3
18/04/2018;14;21;1296;3
18/04/2018;15;22;1345;3
18/04/2018;16;25;1523;3
18/04/2018;17;32;1969;3
18/04/2018;18;38;2301;3
18/04/2018;19;24;1488;3
18/04/2018;20;12;743;3
18/04/2018;21;10;622;3
18/04/2018;22;9;571;3
18/04/2018;23;6;384;3
19/04/2018;0;3;187;4
19/04/2018;1;1;90;4
19/04/2018;2;1;66;4
19/04/2018;3;1;66;4
19/04/2018;4;1;111;4
19/04/2018;5;4;263;4
19/04/2018;6;11;709;4
19/04/2018;7;24;1475;4
19/04/2018;8;23;1406;4
19/04/2018;9;21;1296;4
19/04/2018;10;19;1149;4
19/04/2018;11;18;1126;4
19/04/2018;12;17;1079;4
19/04/2018;13;18;1107;4
19/04/2018;14;21;1319;4
19/04/2018;15;23;1428;4
19/04/2018;16;27;1665;4
19/04/2018;17;36;2166;4
19/04/2018;18;40;2419;4
19/04/2018;19;30;1855;4
19/04/2018;20;14;855;4
19/04/2018;21;10;638;4
19/04/2018;22;10;603;4
19/04/2018;23;7;442;4
20/04/2018;0;3;221;5
20/04/2018;1;2;131;5
20/04/2018;2;1;74;5
20/04/2018;3;1;77;5
20/04/2018;4;1;107;5
20/04/2018;5;4;295;5
20/04/2018;6;11;709;5
20/04/2018;7;24;1444;5
20/04/2018;8;24;1489;5
20/04/2018;9;23;1428;5
20/04/2018;10;23;1436;5
20/04/2018;11;22;1374;5
20/04/2018;12;23;1407;5
20/04/2018;13;24;1476;5
20/04/2018;14;33;1999;5
20/04/2018;15;35;2107;5
20/04/2018;16;41;2506;5
20/04/2018;17;47;2842;5
20/04/2018;18;50;3053;5
20/04/2018;19;51;3099;5
20/04/2018;20;42;2557;5
20/04/2018;21;26;1602;5
20/04/2018;22;19;1196;5
20/04/2018;23;12;721;5
21/04/2018;0;7;443;6
21/04/2018;1;4;247;6
21/04/2018;2;2;140;6
21/04/2018;3;2;127;6
21/04/2018;4;2;135;6
21/04/2018;5;5;323;6
21/04/2018;6;10;616;6
21/04/2018;7;20;1206;6
21/04/2018;8;25;1518;6
21/04/2018;9;34;2060;6
21/04/2018;10;33;2032;6
21/04/2018;11;26;1607;6
21/04/2018;12;19;1154;6
21/04/2018;13;14;886;6
21/04/2018;14;16;972;6
21/04/2018;15;17;1056;6
21/04/2018;16;17;1026;6
21/04/2018;17;15;916;6
21/04/2018;18;16;1002;6
21/04/2018;19;13;826;6
21/04/2018;20;11;702;6
21/04/2018;21;7;467;6
21/04/2018;22;5;356;6
21/04/2018;23;6;400;6
22/04/2018;0;7;464;7
22/04/2018;1;4;266;7
22/04/2018;2;2;159;7
22/04/2018;3;1;114;7
22/04/2018;4;1;92;7
22/04/2018;5;2;135;7
22/04/2018;6;3;229;7
22/04/2018;7;7;446;7
22/04/2018;8;10;617;7
22/04/2018;9;12;776;7
22/04/2018;10;16;977;7
22/04/2018;11;17;1058;7
22/04/2018;12;12;752;7
22/04/2018;13;11;667;7
22/04/2018;14;13;802;7
22/04/2018;15;16;990;7
22/04/2018;16;17;1069;7
22/04/2018;17;18;1104;7
22/04/2018;18;17;1026;7
22/04/2018;19;16;995;7
22/04/2018;20;14;899;7
22/04/2018;21;14;856;7
22/04/2018;22;8;483;7
22/04/2018;23;4;294;7
23/04/2018;0;2;173;1
23/04/2018;1;1;84;1
23/04/2018;2;1;63;1
23/04/2018;3;0;55;1
23/04/2018;4;1;101;1
23/04/2018;5;5;305;1
23/04/2018;6;11;715;1
23/04/2018;7;24;1483;1
23/04/2018;8;22;1373;1
23/04/2018;9;20;1227;1
23/04/2018;10;19;1159;1
23/04/2018;11;18;1105;1
23/04/2018;12;16;984;1
23/04/2018;13;17;1064;1
23/04/2018;14;20;1200;1
23/04/2018;15;20;1210;1
23/04/2018;16;23;1405;1
23/04/2018;17;32;1924;1
23/04/2018;18;37;2256;1
23/04/2018;19;21;1311;1
23/04/2018;20;11;719;1
23/04/2018;21;10;614;1
23/04/2018;22;9;561;1
23/04/2018;23;6;385;1
24/04/2018;0;2;175;2
24/04/2018;1;1;97;2
24/04/2018;2;1;69;2
24/04/2018;3;0;56;2
24/04/2018;4;1;103;2
24/04/2018;5;4;278;2
24/04/2018;6;10;648;2
24/04/2018;7;23;1382;2
24/04/2018;8;23;1386;2
24/04/2018;9;19;1195;2
24/04/2018;10;19;1147;2
24/04/2018;11;18;1118;2
24/04/2018;12;17;1032;2
24/04/2018;13;16;1014;2
24/04/2018;14;21;1303;2
24/04/2018;15;22;1323;2
24/04/2018;16;24;1491;2
24/04/2018;17;33;2033;2
24/04/2018;18;37;2228;2
24/04/2018;19;25;1528;2
24/04/2018;20;13;800;2
24/04/2018;21;9;584;2
24/04/2018;22;10;600;2
24/04/2018;23;7;421;2
25/04/2018;0;3;182;3
25/04/2018;1;1;115;3
25/04/2018;2;0;53;3
25/04/2018;3;1;78;3
25/04/2018;4;1;111;3
25/04/2018;5;4;279;3
25/04/2018;6;10;611;3
25/04/2018;7;23;1437;3
25/04/2018;8;23;1431;3
25/04/2018;9;20;1241;3
25/04/2018;10;18;1124;3
25/04/2018;11;17;1046;3
25/04/2018;12;18;1111;3
25/04/2018;13;17;1039;3
25/04/2018;14;20;1227;3
25/04/2018;15;21;1276;3
25/04/2018;16;26;1582;3
25/04/2018;17;33;1997;3
25/04/2018;18;37;2256;3
25/04/2018;19;24;1492;3
25/04/2018;20;13;788;3
25/04/2018;21;9;590;3
25/04/2018;22;10;606;3
25/04/2018;23;6;415;3
26/04/2018;0;3;223;4
26/04/2018;1;2;123;4
26/04/2018;2;1;64;4
26/04/2018;3;1;95;4
26/04/2018;4;2;125;4
26/04/2018;5;4;277;4
26/04/2018;6;11;713;4
26/04/2018;7;23;1435;4
26/04/2018;8;24;1464;4
26/04/2018;9;20;1246;4
26/04/2018;10;21;1287;4
26/04/2018;11;20;1206;4
26/04/2018;12;18;1114;4
26/04/2018;13;18;1114;4
26/04/2018;14;23;1405;4
26/04/2018;15;24;1464;4
26/04/2018;16;27;1651;4
26/04/2018;17;36;2171;4
26/04/2018;18;41;2466;4
26/04/2018;19;27;1644;4
26/04/2018;20;15;943;4
26/04/2018;21;11;702;4
26/04/2018;22;10;620;4
26/04/2018;23;7;456;4
27/04/2018;0;3;238;5
27/04/2018;1;2;163;5
27/04/2018;2;1;99;5
27/04/2018;3;1;77;5
27/04/2018;4;2;135;5
27/04/2018;5;5;328;5
27/04/2018;6;12;770;5
27/04/2018;7;24;1445;5
27/04/2018;8;24;1441;5
27/04/2018;9;27;1650;5
27/04/2018;10;30;1804;5
27/04/2018;11;29;1741;5
27/04/2018;12;29;1783;5
27/04/2018;13;32;1941;5
27/04/2018;14;44;2664;5
27/04/2018;15;48;2886;5
27/04/2018;16;55;3302;5
27/04/2018;17;61;3716;5
27/04/2018;18;63;3796;5
27/04/2018;19;58;3485;5
27/04/2018;20;46;2806;5
27/04/2018;21;30;1823;5
27/04/2018;22;22;1361;5
27/04/2018;23;19;1171;5
28/04/2018;0;9;587;6
28/04/2018;1;4;288;6
28/04/2018;2;3;181;6
28/04/2018;3;2;157;6
28/04/2018;4;4;284;6
28/04/2018;5;10;651;6
28/04/2018;6;22;1331;6
28/04/2018;7;34;2085;6
28/04/2018;8;44;2656;6
28/04/2018;9;59;3542;6
28/04/2018;10;60;3611;6
28/04/2018;11;53;3191;6
28/04/2018;12;41;2515;6
28/04/2018;13;35;2146;6
28/04/2018;14;40;2443;6
28/04/2018;15;41;2477;6
28/04/2018;16;33;2008;6
28/04/2018;17;32;1959;6
28/04/2018;18;30;1820;6
28/04/2018;19;25;1522;6
28/04/2018;20;21;1267;6
28/04/2018;21;13;839;6
28/04/2018;22;9;545;6
28/04/2018;23;8;504;6
29/04/2018;0;6;377;7
29/04/2018;1;4;253;7
29/04/2018;2;2;138;7
29/04/2018;3;1;92;7
29/04/2018;4;2;165;7
29/04/2018;5;3;230;7
29/04/2018;6;7;476;7
29/04/2018;7;15;929;7
29/04/2018;8;25;1504;7
29/04/2018;9;32;1951;7
29/04/2018;10;34;2077;7
29/04/2018;11;30;1839;7
29/04/2018;12;19;1198;7
29/04/2018;13;16;1003;7
29/04/2018;14;17;1076;7
29/04/2018;15;21;1293;7
29/04/2018;16;20;1255;7
29/04/2018;17;17;1078;7
29/04/2018;18;21;1305;7
29/04/2018;19;18;1132;7
29/04/2018;20;15;914;7
29/04/2018;21;13;787;7
29/04/2018;22;12;773;7
29/04/2018;23;7;431;7
30/04/2018;0;3;222;1
30/04/2018;1;1;87;1
30/04/2018;2;0;50;1
30/04/2018;3;0;44;1
30/04/2018;4;1;83;1
30/04/2018;5;3;231;1
30/04/2018;6;11;717;1
30/04/2018;7;19;1182;1
30/04/2018;8;21;1282;1
30/04/2018;9;21;1281;1
30/04/2018;10;23;1380;1
30/04/2018;11;19;1193;1
30/04/2018;12;19;1161;1
30/04/2018;13;19;1184;1
30/04/2018;14;22;1377;1
30/04/2018;15;25;1524;1
30/04/2018;16;27;1678;1
30/04/2018;17;34;2040;1
30/04/2018;18;40;2450;1
30/04/2018;19;28;1733;1
30/04/2018;20;18;1088;1
30/04/2018;21;12;766;1
30/04/2018;22;9;586;1
30/04/2018;23;6;417;1
